Review,Sentiment
Ä‘á»“ng_há»“ thÃ¬ Ä‘áº¹p tháº­t . nhÆ°ng táº¡i_sao kim lÃºc cháº¡y lÃºc Ä‘á»©ng . nháº¯n_tin thÃ¬ ko tráº£_lá»i . máº¥y báº¡n lÆ°u_Ã½ Ä‘á»«ng mua ná»¯a .,
""" hÃ ng ship nhanh cháº¥t_lÆ°á»£ng tá»‘t tÆ°_váº¥n nhiá»‡t_tÃ¬nh ship ráº¥t Ä‘ung size sáº½ á»§ng_há»™ shop nhÃ¬u â¤ ï¸ """,
"má»™t siÃªu pháº©m mÃ  gia_cÃ´ng quÃ¡ áº©u . . pin nhanh háº¿t , nÃºt nguá»“n vÃ  nÃºt giáº£m tÄƒng giáº£m Ã¢m_lÆ°á»£ng nhÆ° rÄƒng bÃ  lÃ£o",
nhÃ¢n_viÃªn nhiá»‡t_tÃ¬nh vui_váº» . mÃ¡y dÃ¹ng ok mÆ°á»£t á»•n_Ä‘á»‹nh pin hÆ¡i kÃ©m 1 chÃºt nhÆ°ng k áº£nh_hÆ°á»Ÿng quÃ¡ nhiá»u,
"mÃ¡y cháº¡y thÃ¬ mÆ°á»£t , camera bao tá»‘t , xÃ i ráº¥t thÃ­ch luÃ´n",
"mua cÃ³ má»—i bingsu tháº­p_cáº©m 45k mÃ  mÃ¬nh f Ä‘á»£i hÆ¡n 20 ' . há»i láº¡i thÃ¬ nv tl cÃ³ r nhg báº£o chá» thÃªm 15 ' ná»¯a "" tá»¥i e lm liá»n "" .
mÃ¬nh k biáº¿t cÃ³ ngon k nhg cÅ©ng muá»‘n Äƒn thá»­ . thiáº¿t_nghÄ© nv quÃ¡n nÃªn xem_láº¡i cÃ¡ch pv vÃ  nc vs khÃ¡ch .",
"mua cÃ³ má»—i bingsu tháº­p_cáº©m 45k mÃ  mÃ¬nh f Ä‘á»£i hÆ¡n 20 ' . há»i láº¡i thÃ¬ nv tl cÃ³ r nhg báº£o chá» thÃªm 15 ' ná»¯a "" tá»¥i e lm liá»n "" .
mÃ¬nh k biáº¿t cÃ³ ngon k nhg cÅ©ng muá»‘n Äƒn thá»­ . thiáº¿t_nghÄ© nv quÃ¡n nÃªn xem_láº¡i cÃ¡ch pv vÃ  nc vs khÃ¡ch .",
"xe_Ä‘áº©y bÃ¡n cÆ¡m_chiÃªn náº±m ngay Ä‘áº§u Ä‘Æ°á»ng vÃ o khu dÃ¢n_cÆ° metro , cháº¡y tá»« ngoÃ i vÃ´ lÃ  xe thá»©_hai nhÃ© . mÃ¬nh hay mua cÆ¡m cá»§a chá»‹ nÃ y láº¯m , cÆ¡m_chiÃªn má»m , nÃ³ng_Äƒn chung vá»›i trá»©ng chiÃªn , láº¡p_xÆ°á»Ÿng , thá»‹t heo vÃ  chÃ  bÃ´ng nÃªn vá»«a Äƒn láº¯m mÃ  cÃ³ thÃªm dÆ°a_leo vÃ  cÃ _chua nÃªn Äƒn_khÃ´ng ngÃ¡n , Äƒn xong há»£p cÆ¡m lÃ  bao no Ä‘áº¿n trÆ°a . giÃ¡ chá»§ cÃ³ 10/1 há»™p Ã  . buá»•i_sÃ¡ng ráº¥t Ä‘Ã´ng ngÆ°á»i ghÃ© mua , vÃ¬ bÃ¡n vá»«a ngon vá»«a ráº» láº¡i Äƒn ráº¥t no . tuy Ä‘Ã´ng nhÆ°ng chá»‹ lÃ m nhanh láº¯m mÃ  nÃ³i_chuyá»‡n vá»›i khÃ¡ch cÅ©ng vui_váº» lá»‹ch_sá»± ná»¯a nÃªn láº§n nÃ o Ä‘i ngang buá»•i_sÃ¡ng lÃ  ghÃ© mua hoÃ i Ã  .",
"khÃ´ng hiá»ƒu sao cÃ¡c báº¡n khen Ä‘Æ°á»£c .
mÃ¬nh Ä‘i 4 ngÆ°á»i háº¿t 630k toÃ n dáº§u , má»¡_gÃ  vÃ  láº¡t_láº½o . kÃªu 1 gÃ  fÃ´ mai , cÆ¡m kim_chi , sÃ lad cajun vÃ  ktchiÃªn máº­t_ong .
1 - nhÃ¢n_viÃªn thÃ¢n_thiá»‡n . ko hiá»ƒu lÃ  thÃ¢n thiá»‡n_Ã½ máº¥y báº¡n lÃ  ngta chÃ o_thÃ´i fáº£i ko ? thiáº¿u kÃªu mÃ³n , m nháº¯c thÃ¬ miss báº£o wÃªn kÃªu . cÅ©ng ko cÃ³_tiáº¿ng xin_lá»—i , nhÃ  m Ä‘á»£i gáº§n 2tiáº¿ng miss cÃ³ ktchiÃªn .
máº·t_mÃ y thÃ¬ cháº£ cÆ°á»i Ä‘c tÃ­ nÃ o . cá»© háº§m_háº§m , láº¥y chÃ©n tÆ°Æ¡nh wÄƒng cÃ¡i bá»‹ch lÃªn bÃ n .
2 - gÃ  fÃ´ mai nÃªm náº¿p ngon . ngon hÆ¡n papa ? ? ? ? . lÃ m_Æ¡n . gÃ _toÃ n_dáº§u . nÃªm gÃ¬ ko tháº¥y . láº¡t tÃªnh , fáº£i cháº¥m vs nc sá»‘t miss cÃ³ vá»‹ . mÃ  3 loáº¡i tÆ°Æ¡ng nÃ y . mÃ¹_táº¡t thÃ¬ mua , sÃ´t tá»i thÃ¬ dá»… lÃ m . sá»‘t Ä‘á» Ä‘á» thÃ¬ bt . cuá»‘i_cÃ¹ng thÃ nh Äƒn gÃ  cháº¥m tÆ°Æ¡ng . tháº¿ m tá»± luá»™c hay chiÃªn cÃ²n ngon hÆ¡n .
3 - cÆ¡m kim_chi ko nÃªm náº¿m . m Äƒn mÃ  toÃ n fáº£i Äƒn sá»‘t vÃ o . cay thÃ¬ ko cay . dÃ¹ e nviÃªn cá»© báº£o cay láº¯m . Ä‘Ã£_váº­y cÃ²n láº¡t nhÃ¡ch . ko bik báº¿p cÃ³ wÃªn nÃªm ko ?
4 - sÃ lad . Ä‘c mÃ³n Äƒn Ä‘c .
5 - ktchiÃªn máº­t_ong . bÃ¡i fá»¥c cÃ¡c báº¡n táº¡o acc áº£o lÃªn khen . m ko tháº¥y j ngoÃ i vá»‹ Ä‘Æ°á»ng . trá»›t wá»›t vs báº¥t_cá»© loáº¡i tÆ°Æ¡ng sá»‘t .
quÃ¡n cháº¯c ná»•i cÃ¡i tiáº¿ng Ä‘Ã´ng vs gáº§n sg chá»© cÃ²n láº¡i thÃ¬ dá»Ÿ tá»‡ . never come back again .
p / s : khÃ´ng_gian nhá» háº¹p . Ä‘c má»—i cÃ¡i nháº¡c nghe hay nhÆ°ng mv chiáº¿u ko chá»n_lá»c . trÆ°a chá»§_nháº­t mÃ  nguyÃªn mv 18 + cá»§a jay_park . nhÃ¬n lÃªn fÃ¡t chá»‰ toÃ n ngá»±c vs mÃ´ng . .",
"nghe danh popcorn cá»§a garret Ä‘Ã£ lÃ¢u vÃ  giá» thÃ¬ Ä‘Ã£ cÃ³ cÆ¡_há»™i Ä‘Æ°á»£c thÆ°á»Ÿng_thá»©c ğŸ˜˜ shop cÅ©ng khÃ¡ to Ä‘áº¹p vÃ  chá»‰ cáº§n gÃµ tÃ¬m trong báº£n_Ä‘á»“ khu 313 @ somerset , Ä‘i theo chá»‰_dáº«n lÃ  Ä‘áº¿n ngay . may lÃºc mÃ¬nh Ä‘áº¿n mua lÃ  tá»‘i muá»™n rá»“i nÃªn khÃ´ng pháº£i xáº¿p_hÃ ng chá» lÃ¢u . á»Ÿ Ä‘Ã¢y cÃ³ máº¥y vá»‹ cÆ¡_báº£n thÃ´i , vá»‹ caramel ngá»t , vá»‹ cheese máº·n vÃ  thÆ¡m ngáº­y mÃ¹i phÃ´_mai , chicago_mix lÃ  káº¿t_há»£p cáº£ 2 vá»‹ caramel vÃ  cheese . vá»‹ nÃ y Äƒn Ä‘Ãºng kiá»ƒu ngon tháº§n_thÃ¡nh luÃ´n , sá»± hÃ²a_quyá»‡n tuyá»‡t_vá»i giá»¯a máº·n vÃ  ngá»t nÃªn Äƒn_khÃ´ng há» bá»‹ ngáº¥y , báº£o sao mÃ  Ä‘Æ°á»£c nhiá»u ngÆ°á»i yÃªu_thÃ­ch . 2 vá»‹ cÃ²n láº¡i lÃ  buttery vá»‹ thÆ°á»ng vÃ  plain thÃ¬ dÃ nh cho ngÆ°á»i Äƒn_kiÃªng . vÃ¬ lÃ  popcorn cÃ³ thÆ°Æ¡ng_hiá»‡u nÃªn giÃ¡ khÃ¡ cao , mua Ä‘áº·t vÃ o tÃºi giáº¥y thÃ¬ ráº» nhÆ°ng nÃªn Äƒn ngay hoáº·c Ä‘á»ƒ 1 , 2 ngÃ y thÃ´i vÃ¬ dá»… bá»‹ á»‰u , há»™p thiáº¿c giÃ¡ sáº½ máº¯c hÆ¡n . bao_bÃ¬ vÃ  há»™p thÃ¬ Ä‘áº¹p khá»i nÃ³i luÃ´n , Ä‘áº¿n cÃ¡i tÃºi_xÃ¡ch cÅ©ng Ä‘áº¹p cÆ¡ . giá» tháº¥y vietnam cÅ©ng rá»™ má»‘t nháº­n order popcorn nÃ y , cÆ¡_mÃ  tiá»n ship cÃ¡c thá»© ná»¯a nÃªn giÃ¡ quÃ¡ chÃ¡t ğŸ˜£",
"ko ngon . khÃ³ kiáº¿m Ä‘á»‹a_chá»‰ , dÃ nh cho mua mang vá» thÃ´i , Ä‘á»£i khoáº£ng 20p láº­n , Ä‘á»ƒ lÃ m nÃ³ng bÃ¡nh . nhÆ°ng mik váº«n ko tháº¥y nÃ³ng , nguá»™i nguá»™i sao Ä‘áº¥y , vá» bÃ¡nh cá»©ng , kim_sa phÃ´_mai nhá»_xÃ­u 8k , bá» 9k mua bÃ¡nh_bao kim_sa trÃªn sg of mik cÃ²n ngon hÆ¡n nhiá»u : )",
"vÃ´ cÃ¡ch Ä‘Ã¢y 1 tuáº§n mÃ  giá» má»›i review , Ä‘Æ°á»£c anh báº¡n á»Ÿ gáº§n quÃ¡n dáº«n vÃ´ Äƒn thá»­ xem quÃ¡n bÃ¡n tháº¿_nÃ o , Ä‘á»ƒ Ä‘áº·t tiá»‡c cÃ´ng_ty cuá»‘i nÄƒm , khÃ´ng_gian quÃ¡n gá»“m 3 sáº£nh a , b , c_dÃ£y_phÃ²ng_vip 6 phÃ²ng , má»›i nhÃ¬n vÃ o thÃ¬ tháº¥y rá»™ng_rÃ£i mÃ¡t , há»£p vá»›i Ã½_Ä‘á»‹nh cá»§a anh báº¡n , cÃ²n vá» mÃ³n Äƒn_theo nhÆ° mÃ¬nh cháº¥m náº¿u 10 thÃ¬ cÅ©ng Ä‘áº¡t 8 , nhiá»u mÃ³n láº¡ mÃ  khu_vá»±c gáº§n Ä‘Ã¢y khÃ´ng cÃ³ , Ä‘áº·c_trÆ°ng quÃ¡n , vá»‹t xÃ´ng khÃ³i Ä‘Ã i_loan gÃ¬ Ä‘Ã³ cÅ©ng láº¡_miá»‡ng vÃ  ngon , nhÃ¬n menu thÃ¬ nhiá»u mÃ³n quÃ¡ mÃ¬nh chá»‰ thá»­ Ä‘Æ°á»£c vÃ i mÃ³n nhÆ°ng Ä‘á»u Ä‘áº¡t , cÃ³ mÃ³n báº¡ch tuá»™t sá»‘ng nhÃºng giáº¥m , trá»i_Æ¡i nhÃ¢n_viÃªn báº¯t vÃ o nÃ³ bÃ² lÃºc_nhÃºc nhÆ°ng Äƒn ngon tháº­t ráº¥t tÆ°Æ¡i vÃ  ngá»t . cÃ¡c báº¡n thá»­ tá»›i xem sao : d",
